"ID","Grade"
1,"F"
2,"F"
3,"B"
4,"F"
5,"C"
6,"C"
7,"F"
8,"C"
9,"B"
10,"A"
11,"C"
12,"F"
13,"B"
14,"C"
15,"A"
16,"F"
17,"F"
18,"F"
19,"C"
20,"B"
21,"F"
22,"F"
23,"C"
24,"F"
25,"F"
26,"C"
27,"F"
28,"F"
29,"C"
30,"C"
31,"C"
32,"C"
33,"C"
34,"C"
35,"F"
36,"A"
37,"F"
38,"B"
39,"A"
40,"F"
41,"C"
42,"C"
43,"B"
44,"F"
45,"C"
46,"A"
47,"C"
48,"A"
49,"B"
50,"F"
51,"C"
52,"B"
53,"C"
54,"C"
55,"C"
56,"C"
57,"B"
58,"C"
59,"A"
60,"F"
61,"B"
62,"C"
63,"C"
64,"C"
65,"C"
66,"C"
67,"C"
68,"C"
69,"B"
70,"F"
71,"C"
72,"F"
73,"C"
74,"B"
75,"F"
76,"F"
77,"C"
78,"F"
79,"C"
80,"C"
81,"B"
82,"F"
83,"F"
84,"C"
85,"F"
86,"C"
87,"C"
88,"C"
89,"F"
90,"C"
91,"F"
92,"C"
93,"C"
94,"F"
95,"B"
96,"F"
97,"C"
98,"B"
99,"F"
100,"A"
101,"C"
102,"C"
103,"F"
104,"B"
105,"C"
106,"F"
107,"B"
108,"C"
109,"C"
110,"C"
111,"F"
112,"C"
113,"F"
114,"C"
115,"C"
116,"C"
117,"F"
118,"C"
119,"F"
120,"A"
121,"C"
122,"B"
123,"F"
124,"F"
125,"C"
126,"F"
127,"C"
128,"F"
129,"C"
130,"A"
131,"A"
132,"A"
133,"F"
134,"B"
135,"F"
136,"A"
137,"A"
138,"F"
139,"C"
140,"B"
141,"A"
142,"C"
143,"B"
144,"C"
145,"C"
146,"B"
147,"F"
148,"F"
149,"F"
150,"A"
151,"F"
152,"F"
153,"F"
154,"C"
155,"C"
156,"F"
157,"C"
158,"C"
159,"F"
160,"C"
161,"F"
162,"F"
163,"F"
164,"A"
165,"C"
166,"C"
167,"C"
168,"C"
169,"C"
170,"C"
171,"C"
172,"C"
173,"B"
174,"C"
175,"F"
176,"A"
177,"C"
178,"F"
179,"F"
180,"F"
181,"F"
182,"F"
183,"C"
184,"B"
185,"C"
186,"C"
187,"C"
188,"C"
189,"A"
190,"C"
191,"C"
192,"C"
193,"F"
194,"F"
195,"F"
196,"A"
197,"C"
198,"C"
199,"F"
200,"F"
201,"F"
202,"F"
203,"F"
204,"C"
205,"C"
206,"C"
207,"C"
208,"C"
209,"B"
210,"C"
211,"F"
212,"B"
213,"C"
214,"F"
215,"C"
216,"F"
217,"A"
218,"B"
219,"A"
220,"C"
221,"F"
222,"C"
223,"C"
224,"F"
225,"F"
226,"F"
227,"C"
228,"C"
229,"F"
230,"F"
231,"C"
232,"F"
233,"C"
234,"B"
235,"C"
236,"C"
237,"C"
238,"F"
239,"F"
240,"F"
241,"B"
242,"F"
243,"C"
244,"C"
245,"F"
246,"F"
247,"C"
248,"C"
249,"F"
250,"F"
251,"C"
252,"C"
253,"B"
254,"F"
255,"B"
256,"F"
257,"F"
258,"F"
259,"B"
260,"A"
261,"C"
262,"F"
263,"F"
264,"C"
265,"C"
266,"F"
267,"C"
268,"F"
269,"C"
270,"F"
271,"B"
272,"F"
273,"C"
274,"F"
275,"F"
276,"B"
277,"A"
278,"F"
279,"F"
280,"A"
281,"F"
282,"F"
283,"B"
284,"A"
285,"B"
286,"F"
287,"A"
288,"C"
289,"C"
290,"A"
291,"B"
292,"F"
293,"F"
294,"C"
295,"F"
296,"F"
297,"F"
298,"F"
299,"B"
300,"F"
301,"F"
302,"B"
303,"B"
304,"B"
305,"F"
306,"C"
307,"A"
308,"C"
309,"F"
310,"B"
311,"F"
312,"F"
313,"C"
314,"F"
315,"C"
316,"C"
317,"A"
318,"A"
319,"C"
320,"F"
321,"F"
322,"C"
323,"C"
324,"A"
325,"B"
326,"F"
327,"B"
328,"C"
329,"C"
330,"C"
331,"C"
332,"C"
333,"C"
334,"F"
335,"B"
336,"F"
337,"A"
338,"F"
339,"A"
340,"C"
341,"F"
342,"C"
343,"C"
344,"C"
345,"C"
346,"F"
347,"F"
348,"C"
349,"B"
350,"A"
351,"F"
352,"B"
353,"F"
354,"C"
355,"C"
356,"C"
357,"A"
358,"C"
359,"C"
360,"C"
361,"A"
362,"C"
363,"F"
364,"F"
365,"C"
366,"C"
367,"B"
368,"C"
369,"F"
370,"C"
371,"B"
372,"C"
373,"F"
374,"F"
375,"F"
376,"B"
377,"C"
378,"F"
379,"F"
380,"F"
381,"F"
382,"F"
383,"B"
384,"A"
385,"A"
386,"C"
387,"F"
388,"F"
389,"A"
390,"B"
391,"F"
392,"F"
393,"B"
394,"F"
395,"C"
396,"F"
397,"C"
398,"F"
399,"F"
400,"F"
401,"F"
402,"F"
403,"A"
404,"C"
405,"F"
406,"A"
407,"C"
408,"A"
409,"C"
410,"C"
411,"C"
412,"F"
413,"F"
414,"F"
415,"B"
416,"F"
417,"B"
418,"C"
419,"A"
420,"A"
421,"C"
422,"C"
423,"B"
424,"A"
425,"B"
426,"C"
427,"B"
428,"B"
429,"B"
430,"F"
431,"C"
432,"C"
433,"C"
434,"F"
435,"C"
436,"F"
437,"C"
438,"C"
439,"F"
440,"C"
441,"F"
442,"C"
443,"C"
444,"C"
445,"F"
446,"B"
447,"F"
448,"C"
449,"C"
450,"F"
451,"A"
452,"F"
453,"C"
454,"F"
455,"F"
456,"B"
457,"F"
458,"C"
459,"F"
460,"B"
461,"C"
462,"F"
463,"F"
464,"F"
465,"A"
466,"F"
467,"C"
468,"F"
469,"C"
470,"C"
471,"C"
472,"F"
473,"C"
474,"F"
475,"A"
476,"F"
477,"F"
478,"F"
479,"C"
480,"B"
481,"F"
482,"F"
483,"C"
484,"B"
485,"F"
486,"A"
487,"C"
488,"F"
489,"B"
490,"C"
491,"C"
492,"F"
493,"A"
494,"C"
495,"C"
496,"C"
497,"C"
498,"F"
499,"F"
500,"C"
501,"C"
502,"F"
503,"F"
504,"F"
505,"C"
506,"C"
507,"C"
508,"B"
509,"A"
510,"F"
511,"F"
512,"B"
513,"F"
514,"B"
515,"C"
516,"F"
517,"C"
518,"F"
519,"C"
520,"B"
521,"F"
522,"C"
523,"C"
524,"A"
525,"B"
526,"C"
527,"C"
528,"A"
529,"C"
530,"C"
531,"F"
532,"F"
533,"B"
534,"C"
535,"F"
536,"F"
537,"C"
538,"F"
539,"C"
540,"C"
541,"F"
542,"B"
543,"B"
544,"F"
545,"F"
546,"C"
547,"C"
548,"C"
549,"F"
550,"F"
551,"B"
552,"C"
553,"C"
554,"C"
555,"F"
556,"A"
557,"C"
558,"C"
559,"B"
560,"C"
561,"F"
562,"C"
563,"F"
564,"F"
565,"C"
566,"B"
567,"C"
568,"F"
569,"C"
570,"F"
571,"C"
572,"F"
573,"C"
574,"C"
575,"F"
576,"C"
577,"F"
578,"C"
579,"B"
580,"F"
581,"A"
582,"B"
583,"F"
584,"A"
585,"B"
586,"F"
587,"F"
588,"A"
589,"C"
590,"C"
591,"F"
592,"C"
593,"F"
594,"F"
595,"C"
596,"A"
597,"B"
598,"B"
599,"F"
600,"F"
601,"C"
602,"F"
603,"A"
604,"C"
605,"A"
606,"F"
607,"C"
608,"C"
609,"A"
610,"F"
611,"F"
612,"A"
613,"A"
614,"B"
615,"F"
616,"C"
617,"B"
618,"B"
619,"F"
620,"F"
621,"F"
622,"F"
623,"B"
624,"F"
625,"B"
626,"F"
627,"F"
628,"C"
629,"C"
630,"F"
631,"F"
632,"C"
633,"F"
634,"C"
635,"C"
636,"F"
637,"F"
638,"F"
639,"B"
640,"F"
641,"C"
642,"F"
643,"A"
644,"C"
645,"A"
646,"F"
647,"F"
648,"C"
649,"F"
650,"F"
651,"C"
652,"F"
653,"F"
654,"B"
655,"C"
656,"C"
657,"F"
658,"C"
659,"C"
660,"B"
661,"C"
662,"B"
663,"C"
664,"C"
665,"C"
666,"C"
667,"C"
668,"C"
669,"F"
670,"F"
671,"F"
672,"C"
673,"F"
674,"F"
675,"C"
676,"F"
677,"F"
678,"C"
679,"F"
680,"C"
681,"C"
682,"F"
683,"A"
684,"C"
685,"F"
686,"A"
687,"B"
688,"C"
689,"B"
690,"F"
691,"F"
692,"C"
693,"C"
694,"A"
695,"F"
696,"B"
697,"B"
698,"C"
699,"F"
700,"A"
701,"C"
702,"C"
703,"F"
704,"B"
705,"F"
706,"C"
707,"F"
708,"B"
709,"B"
710,"F"
711,"A"
712,"C"
713,"F"
714,"C"
715,"F"
716,"B"
717,"F"
718,"A"
719,"C"
720,"F"
721,"C"
722,"C"
723,"C"
724,"C"
725,"F"
726,"C"
727,"F"
728,"F"
729,"C"
730,"C"
731,"A"
732,"C"
733,"C"
734,"F"
735,"A"
736,"C"
737,"B"
738,"F"
739,"F"
740,"C"
741,"C"
742,"F"
743,"C"
744,"F"
745,"A"
746,"F"
747,"C"
748,"F"
749,"F"
750,"C"
751,"C"
752,"C"
753,"A"
754,"C"
755,"F"
756,"B"
757,"F"
758,"F"
759,"B"
760,"F"
761,"B"
762,"C"
763,"C"
764,"C"
765,"F"
766,"F"
767,"F"
768,"C"
769,"F"
770,"C"
771,"F"
772,"F"
773,"C"
774,"C"
775,"A"
776,"C"
777,"F"
778,"C"
779,"C"
780,"C"
781,"F"
782,"C"
783,"F"
784,"B"
785,"A"
786,"C"
787,"B"
788,"C"
789,"F"
790,"F"
791,"B"
792,"A"
793,"C"
794,"A"
795,"C"
796,"B"
797,"C"
798,"C"
799,"F"
800,"C"
801,"C"
802,"F"
803,"C"
804,"C"
805,"C"
806,"B"
807,"C"
808,"A"
809,"C"
810,"F"
811,"C"
812,"F"
813,"B"
814,"A"
815,"F"
816,"F"
817,"F"
818,"C"
819,"F"
820,"F"
821,"B"
822,"C"
823,"F"
824,"C"
825,"F"
826,"F"
827,"B"
828,"C"
829,"A"
830,"B"
831,"C"
832,"C"
833,"A"
834,"F"
835,"C"
836,"F"
837,"F"
838,"C"
839,"F"
840,"A"
841,"C"
842,"C"
843,"B"
844,"F"
845,"F"
846,"F"
847,"C"
848,"F"
849,"F"
850,"F"
851,"C"
852,"C"
853,"C"
854,"F"
855,"C"
856,"F"
857,"F"
858,"F"
859,"F"
860,"C"
861,"F"
862,"F"
863,"A"
864,"B"
865,"B"
866,"C"
867,"C"
868,"C"
869,"C"
870,"C"
871,"C"
872,"F"
873,"C"
874,"A"
875,"F"
876,"A"
877,"F"
878,"C"
879,"F"
880,"C"
881,"C"
882,"B"
883,"C"
884,"C"
885,"F"
886,"A"
887,"F"
888,"C"
889,"F"
890,"F"
891,"F"
892,"F"
893,"C"
894,"C"
895,"C"
896,"C"
897,"F"
898,"C"
899,"C"
900,"C"
901,"F"
902,"C"
903,"A"
904,"A"
905,"F"
906,"C"
907,"F"
908,"F"
909,"C"
910,"C"
911,"C"
912,"A"
913,"C"
914,"C"
915,"B"
916,"C"
917,"F"
918,"B"
919,"A"
920,"C"
921,"B"
922,"F"
923,"A"
924,"C"
925,"B"
926,"C"
927,"A"
928,"C"
929,"F"
930,"C"
931,"F"
932,"F"
933,"B"
934,"C"
935,"B"
936,"B"
937,"F"
938,"F"
939,"A"
940,"F"
941,"F"
942,"F"
943,"C"
944,"C"
945,"C"
946,"F"
947,"F"
948,"A"
949,"C"
950,"F"
951,"B"
952,"C"
953,"C"
954,"F"
955,"F"
956,"C"
957,"F"
958,"F"
959,"C"
960,"B"
961,"C"
962,"F"
963,"A"
964,"C"
965,"C"
966,"F"
967,"B"
968,"C"
969,"C"
970,"F"
971,"A"
972,"F"
973,"F"
974,"B"
975,"F"
976,"C"
977,"B"
978,"B"
979,"C"
980,"A"
981,"F"
982,"C"
983,"F"
984,"C"
985,"F"
986,"C"
987,"F"
988,"A"
989,"A"
990,"C"
991,"A"
992,"C"
993,"C"
994,"A"
995,"B"
996,"C"
997,"F"
998,"F"
999,"F"
1000,"F"
1001,"F"
1002,"C"
1003,"C"
1004,"B"
1005,"B"
1006,"F"
1007,"A"
1008,"C"
1009,"A"
1010,"B"
1011,"C"
1012,"C"
1013,"C"
1014,"F"
1015,"B"
1016,"C"
1017,"C"
1018,"C"
1019,"A"
1020,"C"
1021,"F"
1022,"B"
1023,"B"
1024,"B"
1025,"F"
1026,"C"
1027,"C"
1028,"F"
1029,"F"
1030,"C"
1031,"C"
1032,"F"
1033,"B"
1034,"C"
1035,"F"
1036,"F"
1037,"C"
1038,"F"
1039,"C"
1040,"C"
1041,"F"
1042,"B"
1043,"F"
1044,"C"
1045,"F"
1046,"A"
1047,"C"
1048,"C"
1049,"F"
1050,"F"
1051,"B"
1052,"B"
1053,"A"
1054,"C"
1055,"C"
1056,"F"
1057,"B"
1058,"A"
1059,"F"
1060,"A"
1061,"F"
1062,"C"
1063,"C"
1064,"F"
1065,"C"
1066,"C"
1067,"C"
1068,"B"
1069,"F"
1070,"B"
1071,"C"
1072,"A"
1073,"C"
1074,"F"
1075,"F"
1076,"B"
1077,"F"
1078,"F"
1079,"C"
1080,"C"
1081,"B"
1082,"F"
1083,"B"
1084,"F"
1085,"B"
1086,"C"
1087,"F"
1088,"C"
1089,"B"
1090,"F"
1091,"C"
1092,"F"
1093,"F"
1094,"B"
1095,"B"
1096,"A"
1097,"F"
1098,"A"
1099,"C"
1100,"C"
1101,"C"
1102,"F"
1103,"B"
1104,"F"
1105,"C"
1106,"F"
1107,"F"
1108,"C"
1109,"A"
1110,"A"
1111,"C"
1112,"F"
1113,"A"
1114,"C"
1115,"F"
1116,"C"
1117,"C"
1118,"F"
1119,"B"
1120,"F"
1121,"F"
1122,"B"
1123,"C"
1124,"B"
1125,"C"
1126,"F"
1127,"F"
1128,"B"
1129,"F"
1130,"F"
1131,"C"
1132,"C"
1133,"A"
1134,"F"
1135,"F"
1136,"C"
1137,"B"
1138,"B"
1139,"C"
1140,"A"
1141,"C"
1142,"A"
1143,"F"
1144,"F"
1145,"F"
1146,"F"
1147,"C"
1148,"C"
1149,"F"
1150,"B"
1151,"C"
1152,"C"
1153,"B"
1154,"C"
1155,"F"
1156,"F"
1157,"F"
1158,"F"
1159,"F"
1160,"C"
1161,"A"
1162,"C"
1163,"F"
1164,"C"
1165,"F"
1166,"C"
1167,"F"
1168,"F"
1169,"A"
1170,"B"
1171,"C"
1172,"F"
1173,"C"
1174,"A"
1175,"F"
1176,"C"
1177,"A"
1178,"C"
1179,"F"
1180,"C"
1181,"F"
1182,"C"
1183,"A"
1184,"F"
1185,"B"
1186,"A"
1187,"C"
1188,"C"
1189,"F"
1190,"C"
1191,"F"
1192,"A"
1193,"F"
1194,"C"
1195,"B"
1196,"F"
1197,"C"
1198,"B"
1199,"F"
1200,"C"
1201,"C"
1202,"F"
1203,"B"
1204,"F"
1205,"F"
1206,"C"
1207,"C"
1208,"A"
1209,"C"
1210,"C"
1211,"C"
1212,"F"
1213,"B"
1214,"B"
1215,"C"
1216,"F"
1217,"B"
1218,"B"
1219,"F"
1220,"F"
1221,"F"
1222,"B"
1223,"F"
1224,"C"
1225,"C"
1226,"B"
1227,"B"
1228,"F"
1229,"C"
1230,"C"
1231,"B"
1232,"C"
1233,"C"
1234,"C"
1235,"A"
1236,"A"
1237,"F"
1238,"B"
1239,"A"
1240,"F"
1241,"B"
1242,"B"
1243,"A"
1244,"C"
1245,"F"
1246,"F"
1247,"F"
1248,"F"
1249,"F"
1250,"C"
1251,"F"
1252,"C"
1253,"F"
1254,"B"
1255,"C"
1256,"B"
1257,"C"
1258,"C"
1259,"F"
1260,"B"
1261,"F"
1262,"F"
1263,"C"
1264,"F"
1265,"F"
1266,"C"
1267,"C"
1268,"C"
1269,"C"
1270,"C"
1271,"F"
1272,"A"
1273,"F"
1274,"F"
1275,"C"
1276,"A"
1277,"F"
1278,"B"
1279,"F"
1280,"A"
1281,"B"
1282,"F"
1283,"B"
1284,"F"
1285,"C"
1286,"C"
1287,"C"
1288,"F"
1289,"F"
1290,"A"
1291,"F"
1292,"F"
1293,"C"
1294,"C"
1295,"C"
1296,"F"
1297,"A"
1298,"F"
1299,"F"
1300,"C"
1301,"A"
1302,"B"
1303,"C"
1304,"C"
1305,"A"
1306,"C"
1307,"C"
1308,"C"
1309,"F"
1310,"F"
1311,"A"
1312,"F"
1313,"C"
1314,"A"
1315,"C"
1316,"F"
1317,"B"
1318,"F"
1319,"F"
1320,"A"
1321,"A"
1322,"F"
1323,"B"
1324,"C"
1325,"F"
1326,"F"
1327,"F"
1328,"A"
1329,"F"
1330,"A"
1331,"A"
1332,"C"
1333,"C"
1334,"A"
1335,"C"
1336,"F"
1337,"C"
1338,"C"
1339,"F"
1340,"B"
1341,"B"
1342,"F"
1343,"F"
1344,"F"
1345,"A"
1346,"C"
1347,"A"
1348,"F"
1349,"B"
1350,"F"
1351,"B"
1352,"C"
1353,"B"
1354,"F"
1355,"C"
1356,"F"
1357,"F"
1358,"C"
1359,"F"
1360,"C"
1361,"F"
1362,"F"
1363,"C"
1364,"A"
1365,"A"
1366,"C"
1367,"F"
1368,"F"
1369,"C"
1370,"F"
1371,"A"
1372,"B"
1373,"C"
1374,"F"
1375,"B"
1376,"F"
1377,"B"
1378,"C"
1379,"C"
1380,"A"
1381,"C"
1382,"B"
1383,"A"
1384,"A"
1385,"A"
1386,"C"
1387,"C"
1388,"C"
1389,"F"
1390,"C"
1391,"A"
1392,"B"
1393,"F"
1394,"C"
1395,"F"
1396,"F"
1397,"C"
1398,"A"
1399,"C"
1400,"C"
1401,"F"
1402,"C"
1403,"F"
1404,"C"
1405,"B"
1406,"F"
1407,"F"
1408,"B"
1409,"B"
1410,"C"
1411,"C"
1412,"B"
1413,"C"
1414,"C"
1415,"F"
1416,"F"
1417,"F"
1418,"C"
1419,"F"
1420,"F"
1421,"B"
1422,"C"
1423,"C"
1424,"C"
1425,"F"
1426,"F"
1427,"B"
1428,"A"
1429,"F"
1430,"F"
1431,"C"
1432,"A"
1433,"C"
1434,"F"
1435,"F"
1436,"C"
1437,"B"
1438,"C"
1439,"A"
1440,"C"
1441,"F"
1442,"C"
1443,"F"
1444,"A"
1445,"C"
1446,"B"
1447,"C"
1448,"F"
1449,"F"
1450,"C"
1451,"A"
1452,"F"
1453,"B"
1454,"F"
1455,"C"
1456,"C"
1457,"B"
1458,"C"
1459,"C"
1460,"F"
1461,"F"
1462,"C"
1463,"C"
1464,"C"
1465,"F"
1466,"F"
1467,"C"
1468,"C"
1469,"F"
1470,"B"
1471,"C"
1472,"C"
1473,"F"
1474,"A"
1475,"F"
1476,"F"
1477,"C"
1478,"F"
1479,"C"
1480,"F"
1481,"F"
1482,"B"
1483,"F"
1484,"C"
1485,"F"
1486,"F"
1487,"C"
1488,"C"
1489,"C"
1490,"C"
1491,"C"
1492,"C"
1493,"B"
1494,"F"
1495,"F"
1496,"C"
1497,"C"
1498,"C"
1499,"A"
1500,"C"
1501,"F"
1502,"C"
1503,"B"
1504,"C"
1505,"F"
1506,"C"
1507,"C"
1508,"C"
1509,"C"
1510,"C"
1511,"F"
1512,"C"
1513,"C"
1514,"C"
1515,"F"
1516,"C"
1517,"C"
1518,"A"
1519,"C"
1520,"C"
1521,"B"
1522,"A"
1523,"F"
1524,"F"
1525,"F"
1526,"C"
1527,"F"
1528,"F"
1529,"F"
1530,"B"
1531,"C"
1532,"C"
1533,"C"
1534,"F"
1535,"A"
1536,"F"
1537,"F"
1538,"F"
1539,"F"
1540,"C"
1541,"F"
1542,"C"
1543,"C"
1544,"C"
1545,"F"
1546,"A"
1547,"C"
1548,"A"
1549,"C"
1550,"F"
1551,"F"
1552,"C"
1553,"B"
1554,"F"
1555,"B"
1556,"F"
1557,"C"
1558,"B"
1559,"F"
1560,"F"
1561,"C"
1562,"C"
1563,"F"
1564,"F"
1565,"F"
1566,"B"
1567,"B"
1568,"C"
1569,"F"
1570,"A"
1571,"C"
1572,"F"
1573,"B"
1574,"C"
1575,"C"
1576,"B"
1577,"C"
1578,"A"
1579,"C"
1580,"A"
1581,"F"
1582,"F"
1583,"C"
1584,"F"
1585,"C"
1586,"F"
1587,"F"
1588,"F"
1589,"C"
1590,"F"
1591,"C"
1592,"B"
1593,"F"
1594,"C"
1595,"F"
1596,"C"
1597,"C"
1598,"C"
1599,"A"
1600,"F"
1601,"F"
1602,"C"
1603,"C"
1604,"F"
1605,"C"
1606,"A"
1607,"C"
1608,"B"
1609,"A"
1610,"F"
1611,"A"
1612,"B"
1613,"C"
1614,"F"
1615,"F"
1616,"F"
1617,"C"
1618,"C"
1619,"F"
1620,"B"
1621,"C"
1622,"F"
1623,"F"
1624,"C"
1625,"C"
1626,"C"
1627,"A"
1628,"C"
1629,"F"
1630,"A"
1631,"C"
1632,"C"
1633,"C"
1634,"F"
1635,"C"
1636,"C"
1637,"F"
1638,"F"
1639,"C"
1640,"C"
1641,"B"
1642,"F"
1643,"C"
1644,"A"
1645,"C"
1646,"B"
1647,"B"
1648,"B"
1649,"C"
1650,"F"
1651,"A"
1652,"C"
1653,"C"
1654,"C"
1655,"F"
1656,"A"
1657,"F"
1658,"A"
1659,"A"
1660,"F"
1661,"C"
1662,"C"
1663,"A"
1664,"C"
1665,"C"
1666,"B"
1667,"C"
1668,"F"
1669,"F"
1670,"B"
1671,"B"
1672,"B"
1673,"F"
1674,"F"
1675,"F"
1676,"F"
1677,"F"
1678,"A"
1679,"C"
1680,"C"
1681,"C"
1682,"A"
1683,"B"
1684,"C"
1685,"B"
1686,"F"
1687,"F"
1688,"B"
1689,"C"
1690,"C"
1691,"C"
1692,"F"
1693,"C"
1694,"F"
1695,"C"
1696,"F"
1697,"C"
1698,"F"
1699,"F"
1700,"C"
1701,"C"
1702,"C"
1703,"C"
1704,"C"
1705,"C"
1706,"C"
1707,"C"
1708,"C"
1709,"C"
1710,"A"
1711,"F"
1712,"F"
1713,"F"
1714,"F"
1715,"A"
1716,"B"
1717,"F"
1718,"F"
1719,"F"
1720,"C"
1721,"B"
1722,"F"
1723,"A"
1724,"C"
1725,"B"
1726,"B"
1727,"C"
1728,"A"
1729,"F"
1730,"C"
1731,"A"
1732,"C"
1733,"B"
1734,"C"
1735,"F"
1736,"C"
1737,"C"
1738,"C"
1739,"F"
1740,"C"
1741,"C"
1742,"A"
1743,"C"
1744,"C"
1745,"B"
1746,"C"
1747,"C"
1748,"C"
1749,"F"
1750,"F"
1751,"C"
1752,"F"
1753,"B"
1754,"F"
1755,"F"
1756,"C"
1757,"F"
1758,"A"
1759,"C"
1760,"F"
1761,"C"
1762,"A"
1763,"F"
1764,"C"
1765,"F"
1766,"C"
1767,"F"
1768,"C"
1769,"C"
1770,"C"
1771,"A"
1772,"C"
1773,"F"
1774,"F"
1775,"F"
1776,"F"
1777,"F"
1778,"C"
1779,"B"
1780,"C"
1781,"A"
1782,"C"
1783,"F"
1784,"F"
1785,"A"
1786,"C"
1787,"F"
1788,"C"
1789,"C"
1790,"C"
1791,"C"
1792,"C"
1793,"F"
1794,"C"
1795,"C"
1796,"F"
1797,"A"
1798,"B"
1799,"C"
1800,"F"
1801,"A"
1802,"F"
1803,"C"
1804,"F"
1805,"C"
1806,"C"
1807,"A"
1808,"F"
1809,"A"
1810,"B"
1811,"A"
1812,"C"
1813,"B"
1814,"A"
1815,"C"
1816,"F"
1817,"C"
1818,"F"
1819,"B"
1820,"B"
1821,"C"
1822,"C"
1823,"C"
1824,"B"
1825,"F"
1826,"F"
1827,"B"
1828,"F"
1829,"F"
1830,"F"
1831,"C"
1832,"C"
1833,"C"
1834,"C"
1835,"F"
1836,"F"
1837,"C"
1838,"C"
1839,"F"
1840,"C"
1841,"C"
1842,"F"
1843,"F"
1844,"F"
1845,"F"
1846,"B"
1847,"F"
1848,"F"
1849,"C"
1850,"C"
1851,"F"
1852,"A"
1853,"F"
1854,"F"
1855,"F"
1856,"B"
1857,"F"
1858,"F"
1859,"A"
1860,"C"
1861,"F"
1862,"C"
1863,"C"
1864,"C"
1865,"F"
1866,"C"
1867,"F"
1868,"F"
1869,"F"
1870,"B"
1871,"C"
1872,"C"
1873,"F"
1874,"F"
1875,"C"
1876,"F"
1877,"C"
1878,"A"
1879,"B"
1880,"C"
1881,"F"
1882,"F"
1883,"B"
1884,"C"
1885,"C"
1886,"F"
1887,"B"
1888,"F"
1889,"C"
1890,"B"
1891,"C"
1892,"F"
1893,"F"
1894,"F"
1895,"B"
1896,"C"
1897,"C"
1898,"F"
1899,"C"
1900,"F"
1901,"F"
1902,"F"
1903,"B"
1904,"F"
1905,"F"
1906,"C"
1907,"C"
1908,"C"
1909,"F"
1910,"B"
1911,"A"
1912,"A"
1913,"F"
1914,"F"
1915,"C"
1916,"F"
1917,"F"
1918,"C"
1919,"F"
1920,"C"
1921,"B"
1922,"F"
1923,"F"
1924,"C"
1925,"C"
1926,"F"
1927,"A"
1928,"F"
1929,"C"
1930,"B"
1931,"A"
1932,"F"
1933,"F"
1934,"C"
1935,"A"
1936,"F"
1937,"F"
1938,"F"
1939,"C"
1940,"C"
1941,"A"
1942,"F"
1943,"F"
1944,"F"
1945,"A"
1946,"C"
1947,"C"
1948,"B"
1949,"F"
1950,"F"
1951,"C"
1952,"C"
1953,"B"
1954,"F"
1955,"F"
1956,"C"
1957,"C"
1958,"A"
1959,"C"
1960,"B"
1961,"A"
1962,"C"
1963,"F"
1964,"F"
1965,"A"
1966,"C"
1967,"C"
1968,"C"
1969,"B"
1970,"C"
1971,"F"
1972,"B"
1973,"F"
1974,"B"
1975,"F"
1976,"F"
1977,"C"
1978,"F"
1979,"A"
1980,"F"
1981,"A"
1982,"F"
1983,"C"
1984,"F"
1985,"B"
1986,"F"
1987,"C"
1988,"C"
1989,"A"
1990,"F"
1991,"C"
1992,"F"
1993,"B"
1994,"C"
1995,"F"
1996,"F"
1997,"C"
1998,"C"
1999,"F"
2000,"F"
2001,"B"
2002,"F"
2003,"C"
2004,"F"
2005,"F"
2006,"F"
2007,"C"
2008,"C"
2009,"C"
2010,"C"
2011,"B"
2012,"F"
2013,"C"
2014,"C"
2015,"B"
2016,"B"
2017,"F"
2018,"F"
2019,"C"
2020,"F"
2021,"F"
2022,"A"
2023,"C"
2024,"C"
2025,"F"
2026,"F"
2027,"A"
2028,"C"
2029,"B"
2030,"F"
2031,"B"
2032,"B"
2033,"F"
2034,"C"
2035,"C"
2036,"C"
2037,"A"
2038,"C"
2039,"C"
2040,"F"
2041,"F"
2042,"C"
2043,"F"
2044,"F"
2045,"F"
2046,"F"
2047,"A"
2048,"C"
2049,"F"
2050,"C"
2051,"A"
2052,"F"
2053,"B"
2054,"B"
2055,"C"
2056,"C"
2057,"F"
2058,"F"
2059,"C"
2060,"F"
2061,"C"
2062,"C"
2063,"C"
2064,"A"
2065,"F"
2066,"F"
2067,"B"
2068,"F"
2069,"B"
2070,"C"
2071,"C"
2072,"C"
2073,"A"
2074,"C"
2075,"C"
2076,"F"
2077,"A"
2078,"F"
2079,"C"
2080,"B"
2081,"C"
2082,"C"
2083,"F"
2084,"F"
2085,"C"
2086,"F"
2087,"C"
2088,"F"
2089,"F"
2090,"F"
2091,"B"
2092,"F"
2093,"F"
2094,"C"
2095,"F"
2096,"C"
2097,"C"
2098,"C"
2099,"F"
2100,"F"
2101,"F"
2102,"B"
2103,"C"
2104,"F"
2105,"B"
2106,"C"
2107,"B"
2108,"C"
2109,"A"
2110,"B"
2111,"C"
2112,"C"
2113,"F"
2114,"F"
2115,"B"
2116,"C"
2117,"F"
2118,"B"
2119,"A"
2120,"F"
2121,"B"
2122,"C"
2123,"F"
2124,"F"
2125,"F"
2126,"F"
2127,"F"
2128,"B"
2129,"F"
2130,"A"
2131,"C"
2132,"F"
2133,"F"
2134,"C"
2135,"F"
2136,"F"
2137,"C"
2138,"C"
2139,"C"
2140,"A"
2141,"B"
2142,"C"
2143,"B"
2144,"F"
2145,"A"
2146,"B"
2147,"C"
2148,"C"
2149,"C"
2150,"C"
2151,"B"
2152,"C"
2153,"F"
2154,"C"
2155,"A"
2156,"F"
2157,"C"
2158,"F"
2159,"A"
2160,"C"
2161,"F"
2162,"B"
2163,"C"
2164,"A"
2165,"C"
2166,"F"
2167,"F"
2168,"B"
2169,"C"
2170,"C"
2171,"F"
2172,"B"
2173,"C"
2174,"A"
2175,"F"
2176,"C"
2177,"B"
2178,"F"
2179,"F"
2180,"C"
2181,"F"
2182,"C"
2183,"A"
2184,"F"
2185,"B"
2186,"B"
2187,"F"
2188,"C"
2189,"C"
2190,"F"
2191,"C"
2192,"A"
2193,"B"
2194,"C"
2195,"F"
2196,"A"
2197,"F"
2198,"A"
2199,"B"
2200,"A"
2201,"C"
2202,"C"
2203,"C"
2204,"B"
2205,"F"
2206,"A"
2207,"F"
2208,"A"
2209,"C"
2210,"F"
2211,"A"
2212,"B"
2213,"B"
2214,"B"
2215,"F"
2216,"C"
2217,"F"
2218,"F"
2219,"F"
2220,"B"
2221,"A"
2222,"F"
2223,"C"
2224,"C"
2225,"C"
2226,"B"
2227,"B"
2228,"B"
2229,"C"
2230,"B"
2231,"F"
2232,"C"
2233,"C"
2234,"C"
2235,"C"
2236,"C"
2237,"B"
2238,"C"
2239,"C"
2240,"F"
2241,"C"
2242,"F"
2243,"F"
2244,"F"
2245,"A"
2246,"C"
2247,"F"
2248,"C"
2249,"F"
2250,"F"
2251,"C"
2252,"F"
2253,"C"
2254,"B"
2255,"C"
2256,"F"
2257,"C"
2258,"A"
2259,"B"
2260,"F"
2261,"C"
2262,"A"
2263,"F"
2264,"C"
2265,"F"
2266,"C"
2267,"F"
2268,"A"
2269,"F"
2270,"F"
2271,"A"
2272,"C"
2273,"F"
2274,"C"
2275,"F"
2276,"B"
2277,"F"
2278,"C"
2279,"C"
2280,"B"
2281,"B"
2282,"C"
2283,"B"
2284,"C"
2285,"F"
2286,"C"
2287,"F"
2288,"C"
2289,"C"
2290,"F"
2291,"F"
2292,"C"
2293,"F"
2294,"F"
2295,"F"
2296,"C"
2297,"F"
2298,"A"
2299,"C"
2300,"A"
2301,"F"
2302,"F"
2303,"C"
2304,"F"
2305,"B"
2306,"A"
2307,"F"
2308,"A"
2309,"C"
2310,"C"
2311,"F"
2312,"F"
2313,"B"
2314,"A"
2315,"C"
2316,"F"
2317,"C"
2318,"C"
2319,"F"
2320,"B"
2321,"C"
2322,"C"
2323,"F"
2324,"F"
2325,"C"
2326,"A"
2327,"C"
2328,"C"
2329,"C"
2330,"C"
2331,"A"
2332,"C"
2333,"C"
2334,"F"
2335,"C"
2336,"C"
2337,"C"
2338,"F"
2339,"A"
2340,"C"
2341,"C"
2342,"C"
2343,"F"
2344,"A"
2345,"C"
2346,"C"
2347,"C"
2348,"A"
2349,"C"
2350,"B"
2351,"B"
2352,"C"
2353,"A"
2354,"F"
2355,"C"
2356,"C"
2357,"F"
2358,"B"
2359,"F"
2360,"C"
2361,"F"
2362,"C"
2363,"A"
2364,"C"
2365,"C"
2366,"F"
2367,"F"
2368,"A"
2369,"F"
2370,"C"
2371,"C"
2372,"F"
2373,"B"
2374,"C"
2375,"A"
2376,"A"
2377,"C"
2378,"C"
2379,"F"
2380,"C"
2381,"C"
2382,"F"
2383,"B"
2384,"F"
2385,"A"
2386,"A"
2387,"F"
2388,"C"
2389,"F"
2390,"C"
2391,"C"
2392,"C"
2393,"F"
2394,"A"
2395,"C"
2396,"A"
2397,"F"
2398,"C"
2399,"B"
2400,"F"
2401,"B"
2402,"C"
2403,"F"
2404,"C"
2405,"F"
2406,"C"
2407,"C"
2408,"C"
2409,"B"
2410,"A"
2411,"F"
2412,"C"
2413,"C"
2414,"F"
2415,"C"
2416,"F"
2417,"F"
2418,"F"
2419,"A"
2420,"C"
2421,"C"
2422,"C"
2423,"C"
2424,"A"
2425,"C"
2426,"C"
2427,"F"
2428,"F"
2429,"C"
2430,"B"
2431,"C"
2432,"F"
2433,"A"
2434,"C"
2435,"C"
2436,"B"
2437,"F"
2438,"C"
2439,"F"
2440,"F"
2441,"A"
2442,"C"
2443,"F"
2444,"F"
2445,"C"
2446,"C"
2447,"C"
2448,"C"
2449,"C"
2450,"F"
2451,"C"
2452,"F"
2453,"F"
2454,"F"
2455,"C"
2456,"F"
2457,"F"
2458,"F"
2459,"F"
2460,"C"
2461,"C"
2462,"F"
2463,"F"
2464,"F"
2465,"F"
2466,"C"
2467,"F"
2468,"C"
2469,"C"
2470,"C"
2471,"B"
2472,"C"
2473,"C"
2474,"C"
2475,"C"
2476,"C"
2477,"F"
2478,"A"
2479,"A"
2480,"A"
2481,"F"
2482,"C"
2483,"F"
2484,"C"
2485,"F"
2486,"A"
2487,"C"
2488,"C"
2489,"C"
2490,"B"
2491,"F"
2492,"C"
2493,"F"
2494,"C"
2495,"C"
2496,"C"
2497,"C"
2498,"C"
2499,"C"
2500,"F"
2501,"B"
2502,"C"
2503,"C"
2504,"C"
2505,"F"
2506,"B"
2507,"F"
2508,"C"
2509,"F"
2510,"C"
2511,"F"
2512,"C"
2513,"B"
2514,"F"
2515,"F"
2516,"F"
2517,"C"
2518,"C"
2519,"C"
2520,"F"
2521,"F"
2522,"F"
2523,"B"
2524,"A"
2525,"C"
2526,"F"
2527,"A"
2528,"A"
2529,"F"
2530,"C"
2531,"C"
2532,"F"
2533,"B"
2534,"C"
2535,"A"
2536,"F"
2537,"F"
2538,"C"
2539,"C"
2540,"F"
2541,"C"
2542,"F"
2543,"F"
2544,"C"
2545,"A"
2546,"F"
2547,"F"
2548,"B"
2549,"C"
2550,"C"
2551,"C"
2552,"F"
2553,"F"
2554,"F"
2555,"B"
2556,"F"
2557,"C"
2558,"C"
2559,"C"
2560,"C"
2561,"B"
2562,"B"
2563,"C"
2564,"F"
2565,"A"
2566,"C"
2567,"C"
2568,"C"
2569,"F"
2570,"C"
2571,"B"
2572,"B"
2573,"C"
2574,"C"
2575,"C"
2576,"F"
2577,"F"
2578,"F"
2579,"A"
2580,"C"
2581,"C"
2582,"F"
2583,"B"
2584,"A"
2585,"C"
2586,"F"
2587,"B"
2588,"C"
2589,"F"
2590,"F"
2591,"C"
2592,"F"
2593,"F"
2594,"C"
2595,"F"
2596,"F"
2597,"F"
2598,"C"
2599,"F"
2600,"A"
2601,"B"
2602,"F"
2603,"F"
2604,"F"
2605,"F"
2606,"F"
2607,"F"
2608,"C"
2609,"C"
2610,"C"
2611,"C"
2612,"C"
2613,"F"
2614,"C"
2615,"C"
2616,"A"
2617,"F"
2618,"A"
2619,"A"
2620,"F"
2621,"C"
2622,"C"
2623,"F"
2624,"C"
2625,"C"
2626,"C"
2627,"B"
2628,"A"
2629,"C"
2630,"F"
2631,"B"
2632,"C"
2633,"A"
2634,"F"
2635,"F"
2636,"C"
2637,"C"
2638,"F"
2639,"F"
2640,"B"
2641,"A"
2642,"F"
2643,"F"
2644,"C"
2645,"B"
2646,"F"
2647,"F"
2648,"C"
2649,"C"
2650,"F"
2651,"B"
2652,"F"
2653,"C"
2654,"C"
2655,"A"
2656,"F"
2657,"F"
2658,"F"
2659,"A"
2660,"C"
2661,"F"
2662,"F"
2663,"C"
2664,"F"
2665,"F"
2666,"F"
2667,"C"
2668,"F"
2669,"F"
2670,"F"
2671,"C"
2672,"F"
2673,"A"
2674,"B"
2675,"F"
2676,"F"
2677,"F"
2678,"C"
2679,"A"
2680,"C"
2681,"A"
2682,"C"
2683,"C"
2684,"A"
2685,"B"
2686,"C"
2687,"F"
2688,"F"
2689,"C"
2690,"B"
2691,"C"
2692,"B"
2693,"F"
2694,"C"
2695,"F"
2696,"C"
2697,"F"
2698,"F"
2699,"C"
2700,"F"
2701,"C"
2702,"A"
2703,"A"
2704,"A"
2705,"F"
2706,"A"
2707,"C"
2708,"C"
2709,"C"
2710,"C"
2711,"C"
2712,"A"
2713,"C"
2714,"F"
2715,"C"
2716,"C"
2717,"C"
2718,"F"
2719,"C"
2720,"A"
2721,"F"
2722,"F"
2723,"B"
2724,"C"
2725,"A"
2726,"C"
2727,"F"
2728,"F"
2729,"C"
2730,"B"
2731,"F"
2732,"F"
2733,"C"
2734,"B"
2735,"F"
2736,"F"
2737,"F"
2738,"A"
2739,"F"
2740,"F"
2741,"F"
2742,"F"
2743,"C"
2744,"F"
2745,"A"
2746,"F"
2747,"B"
2748,"C"
2749,"C"
2750,"F"
2751,"C"
2752,"F"
2753,"F"
2754,"F"
2755,"F"
2756,"F"
2757,"F"
2758,"F"
2759,"F"
2760,"B"
2761,"C"
2762,"C"
2763,"C"
2764,"C"
2765,"C"
2766,"A"
2767,"C"
2768,"F"
2769,"C"
2770,"C"
2771,"F"
2772,"C"
2773,"C"
2774,"B"
2775,"B"
2776,"C"
2777,"A"
2778,"A"
2779,"F"
2780,"F"
2781,"C"
2782,"C"
2783,"F"
2784,"C"
2785,"C"
2786,"F"
2787,"B"
2788,"F"
2789,"F"
2790,"A"
2791,"C"
2792,"F"
2793,"A"
2794,"C"
2795,"C"
2796,"B"
2797,"C"
2798,"F"
2799,"A"
2800,"C"
2801,"C"
2802,"F"
2803,"A"
2804,"C"
2805,"C"
2806,"B"
2807,"C"
2808,"C"
2809,"F"
2810,"F"
2811,"C"
2812,"C"
2813,"B"
2814,"A"
2815,"A"
2816,"F"
2817,"F"
2818,"C"
2819,"F"
2820,"F"
2821,"F"
2822,"C"
2823,"C"
2824,"B"
2825,"C"
2826,"F"
2827,"F"
2828,"C"
2829,"F"
2830,"F"
2831,"C"
2832,"F"
2833,"F"
2834,"A"
2835,"F"
2836,"F"
2837,"C"
2838,"F"
2839,"C"
2840,"F"
2841,"F"
2842,"B"
2843,"C"
2844,"B"
2845,"C"
2846,"F"
2847,"A"
2848,"F"
2849,"C"
2850,"C"
2851,"F"
2852,"A"
2853,"F"
2854,"F"
2855,"F"
2856,"F"
2857,"A"
2858,"C"
2859,"C"
2860,"F"
2861,"F"
2862,"F"
2863,"B"
2864,"B"
2865,"F"
2866,"C"
2867,"C"
2868,"C"
2869,"C"
2870,"C"
2871,"C"
2872,"F"
2873,"F"
2874,"C"
2875,"C"
2876,"B"
2877,"F"
2878,"F"
2879,"B"
2880,"F"
2881,"B"
2882,"A"
2883,"C"
2884,"B"
2885,"A"
2886,"C"
2887,"C"
2888,"C"
2889,"C"
2890,"F"
2891,"C"
2892,"F"
2893,"B"
2894,"C"
2895,"B"
2896,"A"
2897,"C"
2898,"A"
2899,"A"
2900,"C"
2901,"C"
2902,"C"
2903,"C"
2904,"F"
2905,"A"
2906,"C"
2907,"F"
2908,"F"
2909,"B"
2910,"C"
2911,"F"
2912,"F"
2913,"C"
2914,"C"
2915,"F"
2916,"B"
2917,"B"
2918,"C"
2919,"F"
2920,"B"
2921,"C"
2922,"C"
2923,"B"
2924,"A"
2925,"F"
2926,"B"
2927,"C"
2928,"F"
2929,"F"
2930,"F"
2931,"C"
2932,"C"
2933,"F"
2934,"F"
2935,"C"
2936,"F"
2937,"F"
2938,"C"
2939,"C"
2940,"C"
2941,"C"
2942,"F"
2943,"F"
2944,"C"
2945,"F"
2946,"F"
2947,"C"
2948,"F"
2949,"C"
2950,"F"
2951,"C"
2952,"A"
2953,"C"
2954,"F"
2955,"F"
2956,"C"
2957,"B"
2958,"F"
2959,"C"
2960,"F"
2961,"C"
2962,"A"
2963,"A"
2964,"C"
2965,"C"
2966,"C"
2967,"C"
2968,"C"
2969,"F"
2970,"B"
2971,"C"
2972,"F"
2973,"B"
2974,"C"
2975,"C"
2976,"F"
2977,"F"
2978,"B"
2979,"C"
2980,"C"
2981,"C"
2982,"C"
2983,"C"
2984,"B"
2985,"C"
2986,"C"
2987,"C"
2988,"C"
2989,"F"
2990,"A"
2991,"C"
2992,"B"
2993,"A"
2994,"C"
2995,"B"
2996,"C"
2997,"C"
2998,"F"
2999,"B"
3000,"C"
3001,"C"
3002,"F"
3003,"C"
3004,"C"
3005,"C"
3006,"B"
3007,"F"
3008,"F"
3009,"B"
3010,"F"
3011,"B"
3012,"F"
3013,"F"
3014,"F"
3015,"C"
3016,"C"
3017,"C"
3018,"F"
3019,"B"
3020,"F"
3021,"C"
3022,"F"
3023,"F"
3024,"C"
3025,"F"
3026,"C"
3027,"B"
3028,"B"
3029,"F"
3030,"A"
3031,"F"
3032,"F"
3033,"F"
3034,"C"
3035,"C"
3036,"C"
3037,"C"
3038,"C"
3039,"F"
3040,"C"
3041,"C"
3042,"F"
3043,"A"
3044,"A"
3045,"C"
3046,"C"
3047,"C"
3048,"C"
3049,"C"
3050,"C"
3051,"F"
3052,"F"
3053,"F"
3054,"B"
3055,"B"
3056,"C"
3057,"F"
3058,"F"
3059,"B"
3060,"F"
3061,"C"
3062,"F"
3063,"B"
3064,"F"
3065,"A"
3066,"C"
3067,"C"
3068,"F"
3069,"B"
3070,"A"
3071,"A"
3072,"F"
3073,"C"
3074,"F"
3075,"B"
3076,"F"
3077,"C"
3078,"C"
3079,"F"
3080,"C"
3081,"F"
3082,"F"
3083,"C"
3084,"F"
3085,"F"
3086,"C"
3087,"F"
3088,"C"
3089,"C"
3090,"C"
3091,"B"
3092,"B"
3093,"F"
3094,"B"
3095,"F"
3096,"F"
3097,"F"
3098,"B"
3099,"F"
3100,"C"
3101,"C"
3102,"A"
3103,"C"
3104,"F"
3105,"C"
3106,"B"
3107,"F"
3108,"F"
3109,"C"
3110,"C"
3111,"C"
3112,"C"
3113,"F"
3114,"C"
3115,"B"
3116,"A"
3117,"F"
3118,"C"
3119,"F"
3120,"C"
3121,"F"
3122,"F"
3123,"C"
3124,"A"
3125,"C"
3126,"C"
3127,"C"
3128,"C"
3129,"B"
3130,"A"
3131,"F"
3132,"B"
3133,"A"
3134,"A"
3135,"F"
3136,"C"
3137,"B"
3138,"C"
3139,"C"
3140,"B"
3141,"C"
3142,"C"
3143,"F"
3144,"C"
3145,"C"
3146,"F"
3147,"F"
3148,"C"
3149,"C"
3150,"F"
3151,"C"
3152,"C"
3153,"F"
3154,"C"
3155,"F"
3156,"F"
3157,"C"
3158,"C"
3159,"C"
3160,"C"
3161,"C"
3162,"F"
3163,"A"
3164,"F"
3165,"F"
3166,"F"
3167,"F"
3168,"C"
3169,"A"
3170,"F"
3171,"F"
3172,"F"
3173,"F"
3174,"C"
3175,"F"
3176,"F"
3177,"F"
3178,"A"
3179,"C"
3180,"F"
3181,"C"
3182,"F"
3183,"F"
3184,"F"
3185,"F"
3186,"B"
3187,"C"
3188,"F"
3189,"A"
3190,"F"
3191,"A"
3192,"A"
3193,"C"
3194,"C"
3195,"C"
3196,"F"
3197,"F"
3198,"F"
3199,"F"
3200,"F"
3201,"C"
3202,"A"
3203,"A"
3204,"C"
3205,"C"
3206,"B"
3207,"F"
3208,"C"
3209,"B"
3210,"C"
3211,"F"
3212,"A"
3213,"A"
3214,"C"
3215,"C"
3216,"A"
3217,"F"
3218,"F"
3219,"A"
3220,"F"
3221,"B"
3222,"C"
3223,"C"
3224,"C"
3225,"C"
3226,"C"
3227,"C"
3228,"B"
3229,"F"
3230,"A"
3231,"B"
3232,"F"
3233,"F"
3234,"A"
3235,"C"
3236,"F"
3237,"F"
3238,"B"
3239,"F"
3240,"C"
3241,"C"
3242,"C"
3243,"C"
3244,"B"
3245,"C"
3246,"C"
3247,"F"
3248,"C"
3249,"B"
3250,"A"
3251,"F"
3252,"F"
3253,"C"
3254,"C"
3255,"C"
3256,"F"
3257,"C"
3258,"F"
3259,"C"
3260,"B"
3261,"C"
3262,"C"
3263,"A"
3264,"C"
3265,"C"
3266,"F"
3267,"A"
3268,"F"
3269,"F"
3270,"C"
3271,"F"
3272,"B"
3273,"C"
3274,"C"
3275,"A"
3276,"F"
3277,"C"
3278,"C"
3279,"C"
3280,"C"
3281,"F"
3282,"C"
3283,"B"
3284,"A"
3285,"F"
3286,"C"
3287,"A"
3288,"C"
3289,"F"
3290,"F"
3291,"F"
3292,"B"
3293,"C"
3294,"F"
3295,"C"
3296,"F"
3297,"B"
3298,"F"
3299,"C"
3300,"C"
3301,"F"
3302,"B"
3303,"F"
3304,"F"
3305,"B"
3306,"C"
3307,"B"
3308,"C"
3309,"F"
3310,"F"
3311,"C"
3312,"C"
3313,"F"
3314,"C"
3315,"F"
3316,"F"
3317,"F"
3318,"F"
3319,"C"
3320,"C"
3321,"F"
3322,"C"
3323,"A"
3324,"F"
3325,"F"
3326,"B"
3327,"C"
3328,"F"
3329,"F"
3330,"C"
3331,"A"
3332,"C"
3333,"F"
3334,"B"
3335,"F"
3336,"C"
3337,"F"
3338,"B"
3339,"F"
3340,"C"
3341,"F"
3342,"A"
3343,"F"
3344,"F"
3345,"A"
3346,"C"
3347,"C"
3348,"F"
3349,"C"
3350,"F"
3351,"F"
3352,"F"
3353,"C"
3354,"A"
3355,"F"
3356,"F"
3357,"F"
3358,"C"
3359,"F"
3360,"C"
3361,"F"
3362,"A"
3363,"F"
3364,"B"
3365,"B"
3366,"A"
3367,"F"
3368,"F"
3369,"F"
3370,"C"
3371,"F"
3372,"C"
3373,"F"
3374,"C"
3375,"A"
3376,"F"
3377,"A"
3378,"C"
3379,"C"
3380,"C"
3381,"A"
3382,"F"
3383,"F"
3384,"F"
3385,"C"
3386,"C"
3387,"F"
3388,"C"
3389,"F"
3390,"F"
3391,"F"
3392,"B"
3393,"F"
3394,"A"
3395,"F"
3396,"C"
3397,"F"
3398,"F"
3399,"F"
3400,"F"
3401,"F"
3402,"F"
3403,"C"
3404,"C"
3405,"F"
3406,"F"
3407,"C"
3408,"C"
3409,"F"
3410,"F"
3411,"C"
3412,"F"
3413,"C"
3414,"C"
3415,"F"
3416,"A"
3417,"B"
3418,"A"
3419,"C"
3420,"C"
3421,"A"
3422,"F"
3423,"C"
3424,"F"
3425,"F"
3426,"A"
3427,"F"
3428,"F"
3429,"F"
3430,"C"
3431,"C"
3432,"B"
3433,"B"
3434,"F"
3435,"F"
3436,"C"
3437,"F"
3438,"C"
3439,"F"
3440,"C"
3441,"F"
3442,"B"
3443,"C"
3444,"A"
3445,"C"
3446,"B"
3447,"B"
3448,"F"
3449,"F"
3450,"C"
3451,"F"
3452,"C"
3453,"B"
3454,"A"
3455,"F"
3456,"C"
3457,"F"
3458,"F"
3459,"B"
3460,"F"
3461,"C"
3462,"C"
3463,"B"
3464,"C"
3465,"C"
3466,"C"
3467,"B"
3468,"C"
3469,"B"
3470,"F"
3471,"A"
3472,"A"
3473,"F"
3474,"C"
3475,"C"
3476,"B"
3477,"B"
3478,"C"
3479,"F"
3480,"C"
3481,"C"
3482,"B"
3483,"F"
3484,"B"
3485,"B"
3486,"F"
3487,"A"
3488,"C"
3489,"F"
3490,"C"
3491,"F"
3492,"F"
3493,"C"
3494,"C"
3495,"F"
3496,"F"
3497,"F"
3498,"F"
3499,"C"
3500,"F"
3501,"C"
3502,"C"
3503,"F"
3504,"F"
3505,"F"
3506,"C"
3507,"C"
3508,"B"
3509,"C"
3510,"C"
3511,"C"
3512,"A"
3513,"C"
3514,"F"
3515,"C"
3516,"A"
3517,"C"
3518,"C"
3519,"C"
3520,"C"
3521,"F"
3522,"B"
3523,"F"
3524,"A"
3525,"F"
3526,"F"
3527,"F"
3528,"B"
3529,"A"
3530,"C"
3531,"F"
3532,"B"
3533,"B"
3534,"C"
3535,"C"
3536,"F"
3537,"C"
3538,"F"
3539,"A"
3540,"A"
3541,"A"
3542,"C"
3543,"C"
3544,"C"
3545,"F"
3546,"F"
3547,"F"
3548,"C"
3549,"F"
3550,"C"
3551,"C"
3552,"B"
3553,"A"
3554,"C"
3555,"F"
3556,"A"
3557,"C"
3558,"B"
3559,"F"
3560,"A"
3561,"C"
3562,"F"
3563,"C"
3564,"C"
3565,"A"
3566,"F"
3567,"C"
3568,"F"
3569,"C"
3570,"F"
3571,"C"
3572,"A"
3573,"C"
3574,"A"
3575,"F"
3576,"B"
3577,"B"
3578,"C"
3579,"B"
3580,"C"
3581,"F"
3582,"C"
3583,"A"
3584,"C"
3585,"C"
3586,"F"
3587,"F"
3588,"A"
3589,"C"
3590,"F"
3591,"C"
3592,"B"
3593,"F"
3594,"C"
3595,"F"
3596,"F"
3597,"F"
3598,"C"
3599,"C"
3600,"C"
3601,"C"
3602,"F"
3603,"B"
3604,"C"
3605,"C"
3606,"F"
3607,"C"
3608,"F"
3609,"F"
3610,"C"
3611,"F"
3612,"C"
3613,"C"
3614,"F"
3615,"C"
3616,"F"
3617,"C"
3618,"F"
3619,"B"
3620,"C"
3621,"F"
3622,"C"
3623,"F"
3624,"F"
3625,"C"
3626,"C"
3627,"B"
3628,"F"
3629,"C"
3630,"F"
3631,"F"
3632,"C"
3633,"C"
3634,"F"
3635,"C"
3636,"B"
3637,"C"
3638,"F"
3639,"C"
3640,"A"
3641,"F"
3642,"F"
3643,"C"
3644,"F"
3645,"C"
3646,"C"
3647,"A"
3648,"C"
3649,"A"
3650,"B"
3651,"A"
3652,"A"
3653,"F"
3654,"B"
3655,"C"
3656,"F"
3657,"B"
3658,"C"
3659,"C"
3660,"F"
3661,"C"
3662,"C"
3663,"F"
3664,"F"
3665,"C"
3666,"C"
3667,"F"
3668,"C"
3669,"C"
3670,"F"
3671,"B"
3672,"B"
3673,"F"
3674,"F"
3675,"F"
3676,"C"
3677,"F"
3678,"F"
3679,"C"
3680,"B"
3681,"C"
3682,"C"
3683,"A"
3684,"C"
3685,"F"
3686,"F"
3687,"F"
3688,"F"
3689,"C"
3690,"A"
3691,"C"
3692,"C"
3693,"A"
3694,"A"
3695,"A"
3696,"B"
3697,"F"
3698,"C"
3699,"C"
3700,"B"
3701,"B"
3702,"F"
3703,"C"
3704,"F"
3705,"F"
3706,"F"
3707,"F"
3708,"F"
3709,"F"
3710,"C"
3711,"C"
3712,"F"
3713,"B"
3714,"C"
3715,"C"
3716,"B"
3717,"C"
3718,"C"
3719,"B"
3720,"C"
3721,"C"
3722,"B"
3723,"F"
3724,"F"
3725,"F"
3726,"F"
3727,"F"
3728,"F"
3729,"C"
3730,"C"
3731,"F"
3732,"C"
3733,"F"
3734,"C"
3735,"A"
3736,"F"
3737,"C"
3738,"F"
3739,"C"
3740,"C"
3741,"F"
3742,"B"
3743,"B"
3744,"F"
3745,"F"
3746,"C"
3747,"F"
3748,"C"
3749,"F"
3750,"A"
3751,"C"
3752,"F"
3753,"C"
3754,"A"
3755,"C"
3756,"C"
3757,"C"
3758,"A"
3759,"B"
3760,"C"
3761,"F"
3762,"C"
3763,"C"
3764,"C"
3765,"C"
3766,"C"
3767,"F"
3768,"F"
3769,"B"
3770,"A"
3771,"F"
3772,"C"
3773,"A"
3774,"B"
3775,"C"
3776,"F"
3777,"A"
3778,"B"
3779,"F"
3780,"F"
3781,"F"
3782,"B"
3783,"C"
3784,"C"
3785,"F"
3786,"F"
3787,"C"
3788,"A"
3789,"C"
3790,"B"
3791,"C"
3792,"F"
3793,"C"
3794,"C"
3795,"F"
3796,"F"
3797,"F"
3798,"F"
3799,"B"
3800,"C"
3801,"C"
3802,"B"
3803,"B"
3804,"F"
3805,"C"
3806,"F"
3807,"C"
3808,"F"
3809,"C"
3810,"F"
3811,"B"
3812,"B"
3813,"C"
3814,"C"
3815,"C"
3816,"F"
3817,"C"
3818,"A"
3819,"C"
3820,"B"
3821,"F"
3822,"C"
3823,"C"
3824,"F"
3825,"F"
3826,"A"
3827,"A"
3828,"F"
3829,"F"
3830,"B"
3831,"C"
3832,"A"
3833,"B"
3834,"A"
3835,"B"
3836,"C"
3837,"F"
3838,"C"
3839,"F"
3840,"C"
3841,"A"
3842,"C"
3843,"C"
3844,"F"
3845,"F"
3846,"C"
3847,"F"
3848,"A"
3849,"F"
3850,"F"
3851,"C"
3852,"B"
3853,"C"
3854,"C"
3855,"F"
3856,"C"
3857,"B"
3858,"F"
3859,"A"
3860,"B"
3861,"C"
3862,"B"
3863,"F"
3864,"A"
3865,"B"
3866,"C"
3867,"C"
3868,"F"
3869,"C"
3870,"C"
3871,"C"
3872,"F"
3873,"C"
3874,"C"
3875,"C"
3876,"C"
3877,"A"
3878,"A"
3879,"B"
3880,"B"
3881,"C"
3882,"B"
3883,"C"
3884,"B"
3885,"C"
3886,"F"
3887,"B"
3888,"C"
3889,"B"
3890,"F"
3891,"F"
3892,"C"
3893,"C"
3894,"B"
3895,"C"
3896,"C"
3897,"C"
3898,"C"
3899,"A"
3900,"C"
3901,"F"
3902,"A"
3903,"F"
3904,"F"
3905,"C"
3906,"A"
3907,"F"
3908,"F"
3909,"C"
3910,"F"
3911,"C"
3912,"C"
3913,"F"
3914,"B"
3915,"A"
3916,"C"
3917,"C"
3918,"C"
3919,"F"
3920,"C"
3921,"C"
3922,"F"
3923,"F"
3924,"B"
3925,"C"
3926,"C"
3927,"B"
3928,"C"
3929,"C"
3930,"B"
3931,"F"
3932,"C"
3933,"C"
3934,"C"
3935,"F"
3936,"C"
3937,"F"
3938,"F"
3939,"C"
3940,"F"
3941,"C"
3942,"F"
3943,"C"
3944,"F"
3945,"F"
3946,"F"
3947,"F"
3948,"F"
3949,"B"
3950,"C"
3951,"C"
3952,"B"
3953,"C"
3954,"C"
3955,"F"
3956,"F"
3957,"A"
3958,"B"
3959,"C"
3960,"C"
3961,"B"
3962,"B"
3963,"C"
3964,"C"
3965,"C"
3966,"F"
3967,"B"
3968,"F"
3969,"F"
3970,"C"
3971,"B"
3972,"F"
3973,"F"
3974,"C"
3975,"C"
3976,"C"
3977,"F"
3978,"F"
3979,"C"
3980,"C"
3981,"A"
3982,"C"
3983,"B"
3984,"C"
3985,"C"
3986,"C"
3987,"F"
3988,"F"
3989,"B"
3990,"C"
3991,"F"
3992,"C"
3993,"B"
3994,"F"
3995,"C"
3996,"B"
3997,"F"
3998,"C"
3999,"C"
4000,"C"
4001,"F"
4002,"C"
4003,"C"
4004,"B"
4005,"C"
4006,"A"
4007,"F"
4008,"B"
4009,"C"
4010,"F"
4011,"F"
4012,"F"
4013,"F"
4014,"B"
4015,"B"
4016,"A"
4017,"A"
4018,"A"
4019,"F"
4020,"C"
4021,"F"
4022,"C"
4023,"F"
4024,"F"
4025,"B"
4026,"A"
4027,"B"
4028,"B"
4029,"A"
4030,"C"
4031,"F"
4032,"C"
4033,"C"
4034,"C"
4035,"C"
4036,"A"
4037,"A"
4038,"C"
4039,"A"
4040,"F"
4041,"A"
4042,"C"
4043,"F"
4044,"B"
4045,"C"
4046,"F"
4047,"C"
4048,"F"
4049,"F"
4050,"A"
4051,"B"
4052,"C"
4053,"C"
4054,"F"
4055,"A"
4056,"C"
4057,"C"
4058,"F"
4059,"C"
4060,"C"
4061,"F"
4062,"F"
4063,"F"
4064,"F"
4065,"B"
4066,"A"
4067,"C"
4068,"C"
4069,"C"
4070,"F"
4071,"C"
4072,"F"
4073,"F"
4074,"A"
4075,"F"
4076,"F"
4077,"F"
4078,"C"
4079,"F"
4080,"A"
4081,"C"
4082,"B"
4083,"F"
4084,"C"
4085,"F"
4086,"B"
4087,"C"
4088,"F"
4089,"F"
4090,"A"
4091,"B"
4092,"F"
4093,"F"
4094,"F"
4095,"B"
4096,"B"
4097,"F"
4098,"F"
4099,"C"
4100,"C"
4101,"A"
4102,"C"
4103,"F"
4104,"C"
4105,"F"
4106,"F"
4107,"F"
4108,"F"
4109,"C"
4110,"C"
4111,"F"
4112,"C"
4113,"F"
4114,"F"
4115,"F"
4116,"A"
4117,"C"
4118,"F"
4119,"B"
4120,"C"
4121,"F"
4122,"A"
4123,"C"
4124,"C"
4125,"F"
4126,"C"
4127,"A"
4128,"C"
4129,"C"
4130,"A"
4131,"C"
4132,"B"
4133,"C"
4134,"F"
4135,"F"
4136,"F"
4137,"F"
4138,"F"
4139,"C"
4140,"F"
4141,"C"
4142,"C"
4143,"C"
4144,"C"
4145,"C"
4146,"F"
4147,"C"
4148,"C"
4149,"B"
4150,"F"
4151,"B"
4152,"C"
4153,"C"
4154,"C"
4155,"B"
4156,"F"
4157,"C"
4158,"F"
4159,"C"
4160,"C"
4161,"C"
4162,"B"
4163,"C"
4164,"C"
4165,"A"
4166,"C"
4167,"C"
4168,"C"
4169,"A"
4170,"F"
4171,"C"
4172,"B"
4173,"C"
4174,"C"
4175,"C"
4176,"C"
4177,"C"
4178,"C"
4179,"F"
4180,"C"
4181,"A"
4182,"C"
4183,"F"
4184,"F"
4185,"C"
4186,"C"
4187,"C"
4188,"A"
4189,"F"
4190,"C"
4191,"A"
4192,"F"
4193,"C"
4194,"A"
4195,"A"
4196,"F"
4197,"C"
4198,"A"
4199,"F"
4200,"C"
4201,"F"
4202,"F"
4203,"F"
4204,"C"
4205,"F"
4206,"F"
4207,"C"
4208,"B"
4209,"C"
4210,"C"
4211,"C"
4212,"B"
4213,"F"
4214,"C"
4215,"A"
4216,"F"
4217,"C"
4218,"F"
4219,"B"
4220,"F"
4221,"F"
4222,"F"
4223,"F"
4224,"B"
4225,"A"
4226,"F"
4227,"C"
4228,"C"
4229,"B"
4230,"F"
4231,"C"
4232,"C"
4233,"A"
4234,"F"
4235,"F"
4236,"C"
4237,"C"
4238,"F"
4239,"C"
4240,"A"
4241,"C"
4242,"B"
4243,"C"
4244,"A"
4245,"C"
4246,"F"
4247,"B"
4248,"C"
4249,"B"
4250,"C"
4251,"C"
4252,"C"
4253,"C"
4254,"F"
4255,"C"
4256,"B"
4257,"B"
4258,"A"
4259,"F"
4260,"F"
4261,"C"
4262,"F"
4263,"C"
4264,"F"
4265,"A"
4266,"F"
4267,"F"
4268,"F"
4269,"C"
4270,"C"
4271,"F"
4272,"B"
4273,"F"
4274,"F"
4275,"C"
4276,"F"
4277,"C"
4278,"B"
4279,"B"
4280,"A"
4281,"C"
4282,"C"
4283,"C"
4284,"F"
4285,"F"
4286,"A"
4287,"F"
4288,"F"
4289,"C"
4290,"B"
4291,"B"
4292,"C"
4293,"C"
4294,"B"
4295,"C"
4296,"C"
4297,"F"
4298,"C"
4299,"C"
4300,"F"
4301,"A"
4302,"F"
4303,"F"
4304,"C"
4305,"C"
4306,"F"
4307,"C"
4308,"C"
4309,"C"
4310,"F"
4311,"B"
4312,"C"
4313,"F"
4314,"C"
4315,"C"
4316,"C"
4317,"F"
4318,"B"
4319,"C"
4320,"F"
4321,"F"
4322,"A"
4323,"B"
4324,"F"
4325,"F"
4326,"F"
4327,"C"
4328,"C"
4329,"B"
4330,"C"
4331,"F"
4332,"A"
4333,"F"
4334,"F"
4335,"C"
4336,"F"
4337,"C"
4338,"F"
4339,"B"
4340,"C"
4341,"C"
4342,"C"
4343,"C"
4344,"F"
4345,"C"
4346,"B"
4347,"F"
4348,"C"
4349,"C"
4350,"F"
4351,"B"
4352,"F"
4353,"C"
4354,"F"
4355,"C"
4356,"F"
4357,"F"
4358,"C"
4359,"A"
4360,"C"
4361,"F"
4362,"C"
4363,"F"
4364,"B"
4365,"F"
4366,"F"
4367,"C"
4368,"C"
4369,"C"
4370,"C"
4371,"A"
4372,"C"
4373,"F"
4374,"A"
4375,"F"
4376,"C"
4377,"F"
4378,"C"
4379,"C"
4380,"F"
4381,"C"
4382,"B"
4383,"F"
4384,"B"
4385,"C"
4386,"A"
4387,"F"
4388,"F"
4389,"C"
4390,"F"
4391,"B"
4392,"C"
4393,"C"
4394,"F"
4395,"F"
4396,"C"
4397,"C"
4398,"F"
4399,"A"
4400,"C"
4401,"F"
4402,"F"
4403,"C"
4404,"F"
4405,"C"
4406,"C"
4407,"F"
4408,"C"
4409,"C"
4410,"F"
4411,"F"
4412,"B"
4413,"C"
4414,"C"
4415,"F"
4416,"A"
4417,"B"
4418,"C"
4419,"C"
4420,"C"
4421,"B"
4422,"C"
4423,"C"
4424,"F"
4425,"A"
4426,"F"
4427,"C"
4428,"F"
4429,"F"
4430,"C"
4431,"F"
4432,"F"
4433,"F"
4434,"C"
4435,"C"
4436,"F"
4437,"C"
4438,"A"
4439,"C"
4440,"F"
4441,"B"
4442,"C"
4443,"F"
4444,"C"
4445,"F"
4446,"C"
4447,"C"
4448,"C"
4449,"F"
4450,"C"
4451,"C"
4452,"B"
4453,"C"
4454,"F"
4455,"C"
4456,"F"
4457,"B"
4458,"F"
4459,"F"
4460,"C"
4461,"A"
4462,"C"
4463,"F"
4464,"A"
4465,"C"
4466,"C"
4467,"C"
4468,"A"
4469,"A"
4470,"F"
4471,"C"
4472,"F"
4473,"F"
4474,"F"
4475,"A"
4476,"A"
4477,"F"
4478,"A"
4479,"A"
4480,"C"
4481,"C"
4482,"B"
4483,"C"
4484,"B"
4485,"B"
4486,"F"
4487,"F"
4488,"C"
4489,"A"
4490,"C"
4491,"F"
4492,"C"
4493,"C"
4494,"F"
4495,"C"
4496,"F"
4497,"C"
4498,"B"
4499,"B"
4500,"F"
4501,"F"
4502,"A"
4503,"F"
4504,"B"
4505,"F"
4506,"C"
4507,"F"
4508,"B"
4509,"F"
4510,"C"
4511,"F"
4512,"F"
4513,"F"
4514,"F"
4515,"F"
4516,"F"
4517,"C"
4518,"A"
4519,"A"
4520,"C"
4521,"C"
4522,"C"
4523,"A"
4524,"F"
4525,"F"
4526,"F"
4527,"B"
4528,"F"
4529,"F"
4530,"F"
4531,"F"
4532,"A"
4533,"C"
4534,"C"
4535,"A"
4536,"F"
4537,"F"
4538,"B"
4539,"B"
4540,"C"
4541,"B"
4542,"C"
4543,"F"
4544,"F"
4545,"F"
4546,"A"
4547,"C"
4548,"C"
4549,"F"
4550,"F"
4551,"B"
4552,"C"
4553,"C"
4554,"C"
4555,"A"
4556,"A"
4557,"F"
4558,"C"
4559,"C"
4560,"B"
4561,"C"
4562,"F"
4563,"C"
4564,"A"
4565,"F"
4566,"B"
4567,"C"
4568,"C"
4569,"C"
4570,"F"
4571,"C"
4572,"C"
4573,"B"
4574,"F"
4575,"C"
4576,"C"
4577,"C"
4578,"C"
4579,"F"
4580,"F"
4581,"C"
4582,"F"
4583,"F"
4584,"B"
4585,"A"
4586,"C"
4587,"C"
4588,"F"
4589,"F"
4590,"F"
4591,"F"
4592,"B"
4593,"C"
4594,"A"
4595,"C"
4596,"C"
4597,"F"
4598,"A"
4599,"C"
4600,"C"
4601,"F"
4602,"F"
4603,"F"
4604,"C"
4605,"F"
4606,"B"
4607,"B"
4608,"C"
4609,"B"
4610,"C"
4611,"C"
4612,"C"
4613,"F"
4614,"A"
4615,"C"
4616,"B"
4617,"F"
4618,"C"
4619,"F"
4620,"B"
4621,"C"
4622,"B"
4623,"C"
4624,"A"
4625,"C"
4626,"F"
4627,"B"
4628,"C"
4629,"B"
4630,"F"
4631,"F"
4632,"F"
4633,"F"
4634,"F"
4635,"B"
4636,"C"
4637,"A"
4638,"C"
4639,"F"
4640,"B"
4641,"A"
4642,"C"
4643,"C"
4644,"B"
4645,"F"
4646,"C"
4647,"C"
4648,"F"
4649,"C"
4650,"F"
4651,"B"
4652,"C"
4653,"B"
4654,"B"
4655,"F"
4656,"F"
4657,"B"
4658,"F"
4659,"F"
4660,"C"
4661,"C"
4662,"F"
4663,"C"
4664,"F"
4665,"C"
4666,"F"
4667,"B"
4668,"F"
4669,"F"
4670,"B"
4671,"F"
4672,"F"
4673,"F"
4674,"A"
4675,"C"
4676,"C"
4677,"F"
4678,"F"
4679,"C"
4680,"C"
4681,"B"
4682,"F"
4683,"C"
4684,"C"
4685,"F"
4686,"F"
4687,"A"
4688,"B"
4689,"C"
4690,"C"
4691,"C"
4692,"C"
4693,"C"
4694,"F"
4695,"B"
4696,"B"
4697,"C"
4698,"C"
4699,"F"
4700,"C"
4701,"C"
4702,"F"
4703,"C"
4704,"A"
4705,"F"
4706,"A"
4707,"F"
4708,"B"
4709,"F"
4710,"C"
4711,"F"
4712,"B"
4713,"C"
4714,"A"
4715,"F"
4716,"C"
4717,"F"
4718,"F"
4719,"F"
4720,"C"
4721,"C"
4722,"C"
4723,"A"
4724,"C"
4725,"A"
4726,"B"
4727,"C"
4728,"C"
4729,"A"
4730,"A"
4731,"F"
4732,"C"
4733,"C"
4734,"F"
4735,"A"
4736,"C"
4737,"F"
4738,"F"
4739,"C"
4740,"A"
4741,"C"
4742,"F"
4743,"A"
4744,"C"
4745,"C"
4746,"F"
4747,"B"
4748,"A"
4749,"C"
4750,"C"
4751,"F"
4752,"B"
4753,"A"
4754,"F"
4755,"F"
4756,"F"
4757,"C"
4758,"C"
4759,"A"
4760,"F"
4761,"C"
4762,"C"
4763,"F"
4764,"F"
4765,"F"
4766,"A"
4767,"C"
4768,"C"
4769,"F"
4770,"B"
4771,"B"
4772,"F"
4773,"B"
4774,"B"
4775,"F"
4776,"C"
4777,"F"
4778,"C"
4779,"F"
4780,"F"
4781,"A"
4782,"B"
4783,"A"
4784,"C"
4785,"C"
4786,"F"
4787,"C"
4788,"C"
4789,"C"
4790,"F"
4791,"C"
4792,"B"
4793,"B"
4794,"A"
4795,"B"
4796,"C"
4797,"C"
4798,"F"
4799,"F"
4800,"F"
4801,"F"
4802,"C"
4803,"F"
4804,"A"
4805,"F"
4806,"C"
4807,"B"
4808,"C"
4809,"C"
4810,"F"
4811,"C"
4812,"C"
4813,"C"
4814,"C"
4815,"C"
4816,"F"
4817,"A"
4818,"B"
4819,"C"
4820,"A"
4821,"C"
4822,"C"
4823,"B"
4824,"C"
4825,"F"
4826,"C"
4827,"B"
4828,"F"
4829,"A"
4830,"C"
4831,"C"
4832,"C"
4833,"F"
4834,"C"
4835,"F"
4836,"B"
4837,"C"
4838,"C"
4839,"B"
4840,"C"
4841,"F"
4842,"F"
4843,"B"
4844,"C"
4845,"C"
4846,"B"
4847,"B"
4848,"F"
4849,"C"
4850,"F"
4851,"A"
4852,"C"
4853,"C"
4854,"C"
4855,"A"
4856,"F"
4857,"F"
4858,"C"
4859,"C"
4860,"F"
4861,"B"
4862,"A"
4863,"C"
4864,"F"
4865,"C"
4866,"C"
4867,"F"
4868,"C"
4869,"A"
4870,"F"
4871,"C"
4872,"C"
4873,"C"
4874,"F"
4875,"C"
4876,"C"
4877,"F"
4878,"C"
4879,"A"
4880,"F"
4881,"F"
4882,"F"
4883,"A"
4884,"F"
4885,"C"
4886,"C"
4887,"F"
4888,"C"
4889,"B"
4890,"F"
4891,"A"
4892,"C"
4893,"C"
4894,"B"
4895,"F"
4896,"F"
4897,"C"
4898,"F"
4899,"F"
4900,"C"
4901,"C"
4902,"C"
4903,"F"
4904,"C"
4905,"F"
4906,"F"
4907,"F"
4908,"F"
4909,"A"
4910,"A"
4911,"C"
4912,"F"
4913,"C"
4914,"F"
4915,"F"
4916,"B"
4917,"C"
4918,"C"
4919,"B"
4920,"A"
4921,"B"
4922,"C"
4923,"A"
4924,"F"
4925,"C"
4926,"F"
4927,"C"
4928,"A"
4929,"B"
4930,"C"
4931,"B"
4932,"F"
4933,"F"
4934,"C"
4935,"B"
4936,"F"
4937,"F"
4938,"F"
4939,"C"
4940,"A"
4941,"F"
4942,"F"
4943,"F"
4944,"B"
4945,"F"
4946,"F"
4947,"A"
4948,"F"
4949,"F"
4950,"A"
4951,"B"
4952,"C"
4953,"F"
4954,"F"
4955,"C"
4956,"C"
4957,"B"
4958,"C"
4959,"B"
4960,"F"
4961,"A"
4962,"C"
4963,"F"
4964,"C"
4965,"B"
4966,"A"
4967,"C"
4968,"B"
4969,"B"
4970,"F"
4971,"F"
4972,"F"
4973,"B"
4974,"C"
4975,"F"
4976,"C"
4977,"B"
4978,"C"
4979,"C"
4980,"B"
4981,"C"
4982,"F"
4983,"A"
4984,"C"
4985,"C"
4986,"B"
4987,"C"
4988,"A"
4989,"C"
4990,"F"
4991,"F"
4992,"F"
4993,"F"
4994,"C"
4995,"F"
4996,"A"
4997,"F"
4998,"C"
4999,"B"
5000,"F"
